gene,position,csv_wt_aa,structure_aa,match,label
BRCA1,1378,I,V,False,benign
MSH2,906,A,I,False,benign
MSH2,909,R,K,False,benign
MSH2,915,Q,V,False,benign
MSH2,924,A,N,False,benign
PTEN,4,G,I,False,benign
PTEN,16,A,Y,False,benign
PTEN,46,T,Y,False,benign
PTEN,48,R,N,False,benign
PTEN,48,R,N,False,benign
PTEN,50,R,I,False,benign
PTEN,65,C,Y,False,benign
PTEN,119,R,V,False,benign
PTEN,123,Y,H,False,benign
PTEN,171,L,Q,False,benign
RB1,91,R,Y,False,benign
RB1,99,L,W,False,benign
RB1,101,M,I,False,benign
RB1,101,H,I,False,benign
TP53,333,T,R,False,benign
TP53,341,S,F,False,benign
TP53,341,C,F,False,benign
